name,org,loc,keyword,hdfcpresent,date,sourcename,weblink,batch_id,created_date,cities
"R. Srinivasa Gowda, Gagan, Hassan, H.K. Kumaraswamy",,"Alur taluk, Goa, Iduru, Bengaluru, Sakleshpur, Hassan, Mangaluru","drug, ",No,"Sun, 11 Apr 2021 18:48:46 +0530",www.thehindu.com,https://www.thehindu.com/news/national/karnataka/130-arrested-for-taking-part-in-rave-party-in-alur-taluk/article34295780.ece,607307e88e015f9c2d1706eb,2021-04-11 14:31:47.826813,Karnataka
State Drug Control Administration,State Drug Control Administration,,"drug, ",No,"Sun, 11 Apr 2021 08:29:14 +0530",www.thehindu.com,https://www.thehindu.com/news/national/telangana/shortage-of-remdesivir-drug-in-state/article34291903.ece,607307e88e015f9c2d1706eb,2021-04-11 14:33:16.105380,Telangana
"TRS, Congress, KCR, Bhongir, Komatireddy Venkata Reddy, K. Chandrasekhar Rao, K. Jana Reddy","TRS, Congress","Nalgonda, Nagarjuna Sagar, Anumula, Telangana, Bhongir","drug, ",No,"Sat, 10 Apr 2021 22:47:35 +0530",www.thehindu.com,https://www.thehindu.com/news/national/telangana/it-is-honest-jana-reddy-versus-corrupt-kcr/article34291771.ece,607307e88e015f9c2d1706eb,2021-04-11 14:33:19.385229,Telangana
"the State Health Department, SAST, Naasih Foundation, K. Sudhakar, The Hindu, Prasanna H.M., Suvarna Arogya Suraksha Trust, the Karnataka State Drugs Logistics and Warehousing Society, Suguna Hospital, Jawaid Akhtar, Sabeel Nazir, the Private Hospitals and Nursing Homes Association, Health and Family Welfare, R. Ravindra, PHANA","the State Health Department, SAST, Naasih Foundation, Health and Family Welfare, The Hindu, Suvarna Arogya Suraksha Trust, the Karnataka State Drugs Logistics and Warehousing Society, Suguna Hospital, the Private Hospitals and Nursing Homes Association, PHANA","Maharashtra, Bengaluru, Karnataka","drug, ",No,"Sun, 11 Apr 2021 09:08:20 +0530",www.thehindu.com,https://www.thehindu.com/news/cities/bangalore/karnatakas-private-hospitals-run-out-of-remdesivir/article34294141.ece,607307e88e015f9c2d1706eb,2021-04-11 14:33:24.933931,Bengaluru
"Centre, Raghav Chadha, Aam Aadmi Party, Narendra Modi, AAP","Centre, Aam Aadmi Party, AAP","States, Oman, Uttar Pradesh, Kenya, Bengal, Pakistan, India, United Kingdom, Kerala, Dominican Republic, Delhi, Gujarat, Guyana, Odisha, Maharashtra, Mauritius, Bangladesh","terror, ",No,"Sun, 11 Apr 2021 15:04:00 +0530",www.thehindu.com,https://www.thehindu.com/news/national/urgent-need-for-vaccine-universalisation-and-vaccine-nationalism-says-aap-leader/article34294829.ece,607307e88e015f9c2d1706eb,2021-04-11 14:34:20.891012,Delhi
"a School of Public Health, SPH, IIHMR, Indian Institute of Health Management Research, S.D. Gupta","IIHMR, a School of Public Health, SPH, Indian Institute of Health Management Research","Rajasthan, Jaipur","drug, ",No,"Sun, 11 Apr 2021 01:19:41 +0530",www.thehindu.com,https://www.thehindu.com/news/cities/Delhi/reduce-health-inequities-to-tackle-pandemic-challenges/article34292844.ece,607307e88e015f9c2d1706eb,2021-04-11 14:34:23.401063,Delhi
"Home, IMS, Devika Rani, M. Vinay Reddy, ESIC, Omni Medi, Omni Group, TS Insurance Medical Services, V. Srinivas Reddy, Burra Pramod Reddy, The Enforcement Directorate, Employees State Insurance Corporation, Nayini Narasimha Reddy, Gurumurthy, the Anti-Corruption Bureau (ACB, ED, Srihari alias Babji, Mukunda Reddy","Omni Group, TS Insurance Medical Services, the Anti-Corruption Bureau (ACB, The Enforcement Directorate, ED, Employees State Insurance Corporation, Home, ESI, IMS, ESIC, Omni Medi, ACB","Banjara Hills, Hyderabad, Telangana","money launder, money laundering, drug, ",No,"Sun, 11 Apr 2021 00:09:26 +0530",www.thehindu.com,https://www.thehindu.com/news/cities/Hyderabad/ed-raids-in-ims-esi-scams/article34292384.ece,607307e88e015f9c2d1706eb,2021-04-11 14:34:44.400506,Hyderabad
"Pimpri Chinchwad, The Crime Branch, Shilpa Chavan, Express Pune, AP Photo, Shrinivas Ghadge","Express Pune, The Crime Branch, AP Photo","Hinjewadi, Dattanagar, Pune City, Maharashtra","drug, ",No,"Sun, 11 Apr 2021 08:17:04 +0000",indianexpress.com,https://indianexpress.com/article/cities/pune/two-including-nurse-arrested-for-illegal-remdesivir-sale-7268819/,607307e88e015f9c2d1706eb,2021-04-11 14:36:27.352908,Pune
"Rohit Karpe, The Chemists Association of Pune, The Indian Express, Pavan Khengre, Rajesh Deshmukh, the Poona Hospital Medical Store, FDA, Anil Belkar, The Food and Drug Administration, the Chemists Association of Pune district, Express Pune","The Chemists Association of Pune, The Indian Express, the Poona Hospital Medical Store, the Chemists Association, FDA, Association, Food and Drug Administration, the Chemists Association of Pune, The Food and Drug Administration, Belkar, the Chemists Association of Pune district, Express Pune, Poona Hospital Medical Store","Pune, Deshmukh","drug, ",No,"Sat, 10 Apr 2021 17:57:47 +0000",indianexpress.com,https://indianexpress.com/article/cities/pune/procure-remdesivir-from-wholesalers-as-per-need-dont-ask-patients-pune-district-collector-to-covid-hospitals-7268211/,607307e88e015f9c2d1706eb,2021-04-11 14:36:29.974946,Pune
"Ajay Gurdev Morale, AP Photo, Baner, Food and Drugs Administration, Pratap Jadhavar, Pratap Sunil Jadhavar, Murlidhar Subhash Marutkar, Ajay Morale, Express Pune, Aditya Digambar Maidagi, Aditya Maidagi, Sudhir Hiremath, Murlidhar Maratkar","Express Pune, Food and Drugs Administration, Baner, AP Photo","Pimpri-Chinchwad, Aundh, Baner, Sangvi, Pune","drug, ",No,"Sat, 10 Apr 2021 16:02:34 +0000",indianexpress.com,https://indianexpress.com/article/cities/pune/pune-four-arrested-for-selling-remdesivir-injections-illegally-at-higher-price-7268111/,607307e88e015f9c2d1706eb,2021-04-11 14:36:35.940352,Pune
"the Government of Punjab, The Department of Nephrology, PGIMER, Sonu Goel, The Department of Community Medicine, School of Public Health, Vivek Kumar","the Government of Punjab, Department of Community Medicine, the Department of Nephrology, The Department of Nephrology, PGIMER, The Department of Community Medicine, Department of Nephrology, School of Public Health","Punjab, India","drug, ",No,"Sun, 11 Apr 2021 00:26:18 +0000",indianexpress.com,https://indianexpress.com/article/cities/chandigarh/expert-patients-with-kidney-disease-more-susceptible-to-covid-related-complications-7268402/,607307e88e015f9c2d1706eb,2021-04-11 14:36:38.773442,Chandigarh
"Centre, Hussan Lal, PTI, Amarinder Singh, The Punjab Health Department, Balbir Singh Sidhu, Health and Family Welfare","Centre, PTI, The Punjab Health Department, Health and Family Welfare, Lal","Punjab, Patiala, SAS Nagar, Fatehgarh Sahib, Ferozepur, Ropar, Hoshiarpur, Pathankot, Moga, Jalandhar, Tarn Taran, Barnala, Bathinda, Amritsar, Ludhiana, Gurdaspur, SBS Nagar, Kapurthala","drug, ",No,"Sat, 10 Apr 2021 19:14:01 +0000",indianexpress.com,https://indianexpress.com/article/cities/chandigarh/punjab-records-58-more-covid-deaths-3294-fresh-cases-7268263/,607307e88e015f9c2d1706eb,2021-04-11 14:36:43.716916,Chandigarh
"Balwan Singh Rana, Manohar Lal Khattar, Anil Sharma, Deepender Singh Hooda, Randeep Singh Surjewala, Saurbah Duggal, Rajya Sabha, Press Club, INLD, The Indian Express, Abhay Chautala, Haryana Congress, Kiran Choudhry, Rajesh Kundu, Kumari Selja, Vikram, Haryana Union of Working Journalists","The Indian Express, Congress, Press Club, Haryana Congress, INLD, Haryana Union of Working Journalists, Rajya Sabha","Hisar, Uklana, Chandigarh, Delhi, Kundu, Haryana","terror, ",No,"Sat, 10 Apr 2021 18:08:05 +0000",indianexpress.com,https://indianexpress.com/article/cities/chandigarh/booked-for-promoting-communal-disharmony-haryana-journalists-up-in-arms-over-fir-against-rajesh-kundu-the-ink-founder-7268215/,607307e88e015f9c2d1706eb,2021-04-11 14:36:45.840247,Chandigarh
"Enigma Ventures Pvt Ltd, Enigma Blues Overseas, Sanjay Juneja, The Directorate of Revenue Intelligence, Enigma Fusion Texprint Pvt Ltd., the Central Bureau of Investigation, CBI, Rohan Designs, DRI, the Union Bank of India, Ridgewood Industries Pvt Ltd","Enigma Ventures Pvt Ltd, Enigma Blues Overseas, The Directorate of Revenue Intelligence, Enigma Fusion Texprint Pvt Ltd., the Central Bureau of Investigation, CBI, Enigma Fusion Texprint, Rohan Designs, DRI, the Union Bank of India, Juneja, Ridgewood Industries Pvt Ltd","Mumbai, Bandra, Juneja, Maharashtra","money launder, money laundering, ",No,"Sun, 11 Apr 2021 13:45:14 +0000",indianexpress.com,https://indianexpress.com/article/cities/mumbai/trader-held-for-wrongly-claiming-duty-drawback-igst-refund-7269147/,607307e88e015f9c2d1706eb,2021-04-11 14:36:49.164690,Mumbai
"BJP, Centre, the Union ministry, P Narhari, PTI, Bharatiya Janata Party, Bhopal, the MP Food and Drug Administration, Indore, ANI, Shankar Lalwani, Rajesh Rajora, Shivraj Singh Chouhan","BJP, Centre, the Union ministry, PTI, Bharatiya Janata Party, Bhopal, the MP Food and Drug Administration, Indore, ANI","Barwani, India, Kerala, Indore, Shajapur, Madhya Pradesh’s, Ujjain, Narsinghpur, Rau, Balaghat, Vidisha, Uttar Pradesh, Jabalpur, Delhi, Tamil Nadu, Remdesivir, Maharashtra, Mhow, Karnataka, Bhopal, Rajasthan, Gujarat, Seoni, Rajgarh, Chhattisgarh","drug, ",No,2021-04-11T15:09:12+05:30,www.hindustantimes.com,https://www.hindustantimes.com/cities/bhopal-news/possibility-of-lockdown-in-madhya-pradesh-shivraj-singh-chouhan-weighs-in-101618133191669.html,607307e88e015f9c2d1706eb,2021-04-11 14:37:01.215818,Bhopal
"MP Food and Drug Administration, P Narhari",MP Food and Drug Administration,"Madhya Pradesh, Indore, Bhopal","drug, ",No,2021-04-11T14:54:49+05:30,www.hindustantimes.com,https://www.hindustantimes.com/cities/bhopal-news/8000-remdesivir-vials-have-arrived-says-madhya-pradesh-official-as-cases-surge-101618132427001.html,607307e88e015f9c2d1706eb,2021-04-11 14:37:02.172539,Bhopal
"Delhi Jal Board, Raghav Chadha, Centre, Narendra Modi, Aam Aadmi Party's, the Government of India, ANI, AAP","Delhi Jal Board, Centre, Aam Aadmi Party's, Government of India, Government, the Government of India, ANI, AAP","Pakistan, States, India","terror, ",No,2021-04-11T12:39:43+05:30,www.hindustantimes.com,https://www.hindustantimes.com/cities/delhi-news/aap-calls-for-vaccine-nationalism-to-control-worst-wave-of-covid-19-till-now-101618123590958.html,607307e88e015f9c2d1706eb,2021-04-11 14:37:18.238746,Delhi
"MGM College, The Mahatma Gandhi Memorial Medical College, Sanjay Dixit, MGM Medical College","MGM Medical College, MGM College, The Mahatma Gandhi Memorial Medical College","Khandwa, Madhya Pradesh, Ratlam, Bhopal, Indore, Vidisha","drug, ",No,2021-04-11T09:06:33+05:30,www.hindustantimes.com,https://www.hindustantimes.com/cities/indore-news/indores-mgm-medical-college-new-nodal-centre-for-distribution-of-remdesivir-across-mp-101618111754780.html,607307e88e015f9c2d1706eb,2021-04-11 14:37:32.252923,Indore
"the Central Bureau of Narcotics, Omkar Singh Raika, State Congress, Pawan Chaudhary, Hanuman Beniwal, Archana Sharma, SOG, Vikas Sharma, Rashtriya Loktantrik Party, Ajmer range S Sengathir","the Central Bureau of Narcotics, SOG, State Congress, Rashtriya Loktantrik Party","Bhilwara, Chittorgarh, Rayla, Nagaur, Rajasthan, Rajsamand, Beawar, Pratapgarh, Ajmer, Kotdi, Raika","narcotics, drug, ",No,2021-04-11T14:48:31+05:30,www.hindustantimes.com,https://www.hindustantimes.com/cities/jaipur-news/2-rajasthan-police-constables-killed-in-firing-by-suspected-drug-peddlers-101618132711479.html,607307e88e015f9c2d1706eb,2021-04-11 14:37:34.233557,Jaipur
"Birbal Sahani Institute of Paleosciences, Indian Institute of Toxicology Research, National Botanical Research Institute, KGMU, Central Drug Research Institute, Tapas Kundu, CDRI, NBRI, King George Medical University, BSIP, Lucknow, IITR, SK Barik, SGPGI, Sanjay Gandhi Post Graduate Institute of Medical Sciences","Birbal Sahani Institute of Paleosciences, National Botanical Research Institute, Indian Institute of Toxicology Research, KGMU, Central Drug Research Institute, CDRI, NBRI, King George Medical University, Lucknow, IITR, BSIP, SGPGI, Sanjay Gandhi Post Graduate Institute of Medical Sciences","Uttar Pradesh, Lucknow","drug, ",No,2021-04-10T22:53:26+05:30,www.hindustantimes.com,https://www.hindustantimes.com/cities/lucknow-news/four-research-institutes-in-lucknow-to-restart-covid-testing-at-their-labs-101618075406449.html,607307e88e015f9c2d1706eb,2021-04-11 14:37:39.441921,Lucknow
"Medical Education, Ramaswami N, the National Health Mission, Rajendra Shingne, FDA, Amit Deshmukh, Uddhav Thackeray, Food and Drug Administration, Rajesh Tope, Eknath Shinde, Urban Development","Medical Education, the National Health Mission, FDA, Food and Drug Administration, Urban Development",Maharashtra,"drug, ",No,2021-04-11T13:03:31+05:30,www.hindustantimes.com,https://www.hindustantimes.com/cities/mumbai-news/maharashtra-to-set-up-control-rooms-for-smooth-supply-of-remdesivir-101618126289774.html,607307e88e015f9c2d1706eb,2021-04-11 14:37:41.499375,Mumbai
"The National Investigation Agency, Mansukh Hiran, Sachin Vaze, the Maharashtra Anti-Terrorism Squad, the Crime Intelligence Unit, Mumbai Police, Antilia, NIA, Param Bir Singh, Riyaz Kazi, Mukesh Ambani, ATS","The National Investigation Agency, the Maharashtra Anti-Terrorism Squad, the Crime Intelligence Unit, Mumbai Police, NIA, ATS","Mumbai, Thane, Antilia","terror, ",No,2021-04-11T11:28:09+05:30,www.hindustantimes.com,https://www.hindustantimes.com/cities/mumbai-news/mumbai-police-officer-riyaz-kazi-arrested-by-nia-agency-says-he-helped-sachin-vaze-in-antilia-bomb-scare-conspiracy-101618120581875.html,607307e88e015f9c2d1706eb,2021-04-11 14:37:42.696277,Mumbai
"TVS, Baner -19 Centre, Murlidhar Marutkar, Ajay Morale, Pratap Sunil Jadhavrao, the Baner  Centre, Ajay Gurudev Morale, Dinesh Khivasara, Kirshna Prakash, Medipoint hospital’s, Food and Drugs Administration, Prathap Jadhavrao, PCMC, Aditya Maidargi, PMC, FDA, Pratap Jadhavrao, Pune Municipal Corporation, Murlidhar Subhash Marutkar","TVS, Medipoint hospital’s, Baner -19 Centre, PCMC, Baner, Medipoint hospital, PMC, Food and Drugs Administration, FDA, Pune Municipal Corporation, Aditya, the Baner  Centre","Pimpri-Chinchwad, Aundh, Baner, Talegaon, Maharashtra, Sangvi, Pune","drug, ",No,2021-04-10T21:41:24+05:30,www.hindustantimes.com,https://www.hindustantimes.com/cities/pune-news/police-arrest-four-for-selling-remdesivir-at-higher-price-101618071084962.html,607307e88e015f9c2d1706eb,2021-04-11 14:37:59.808098,Pune
"Rajesh Deshmukh, Saurabh Rao, FDA, Pune Food and Drug Administration","Food and Drug Administration, FDA, Pune Food and Drug Administration",Pune,"drug, ",No,2021-04-10T21:36:24+05:30,www.hindustantimes.com,https://www.hindustantimes.com/cities/pune-news/hospitals-to-provide-remdesivir-injections-to-patients-says-pune-dist-collector-rajesh-deshmukh-101618070784756.html,607307e88e015f9c2d1706eb,2021-04-11 14:38:01.308769,Pune
"the Bhaktivedanta Hospital, Shashank Joshi, ICMR, the Indian Council of Medical Research, Ajay Godse","ICMR, the Bhaktivedanta Hospital, the Indian Council of Medical Research","Russia, Moldova, Japan, Italy, Uzbekistan, Wuhan, Thane, Ukraine, Kazakhstan","drug, ",No,2021-04-11T14:21:12+05:30,economictimes.indiatimes.com,https://economictimes.indiatimes.com/industry/healthcare/biotech/healthcare/remdesivir-has-no-impact-on-covid-mortality-dont-panic-buy-doctors/articleshow/82015357.cms,607307e88e015f9c2d1706eb,2021-04-11 14:38:10.709942,National
"AstraZeneca, Liu Peicheng, Gao Fu, Xinhua News Agency, Wang Huaqing, CDC, the China Centers for Disease Control, Sinovac, Pfizer, Sinopharm","AstraZeneca, Xinhua News Agency, CDC, the China Centers for Disease Control, Pfizer, Sinopharm, Sinovac","Mexico, Chengdu, Japan, Brazil, the United States, Britain, Hungary, China, Indonesia, Turkey, Beijing","drug, ",No,2021-04-11T11:51:41+05:30,economictimes.indiatimes.com,https://economictimes.indiatimes.com/news/international/world-news/chinese-vaccines-effectiveness-low-admits-countrys-top-disease-control-official/articleshow/82014219.cms,607307e88e015f9c2d1706eb,2021-04-11 14:38:15.219036,National
"Army, Command of, the Jaish-e-Mohammed, Rashim Bali, AGuH, Ansar Ghazwatul Hind, Victor Force, the 44 Rashtriya Rifles, Jammu and Kashmir Police","Army, Command of, the Jaish-e-Mohammed, AGuH, Ansar Ghazwatul Hind, Victor Force, the 44 Rashtriya Rifles, Jammu and Kashmir Police","Kashmir, Shopian","terror, ",No,2021-04-10T17:45:10+05:30,economictimes.indiatimes.com,https://economictimes.indiatimes.com/news/defence/shopian-encounter-how-a-mosque-was-saved-and-five-terrorists-killed/articleshow/82005897.cms,607307e88e015f9c2d1706eb,2021-04-11 14:38:24.387525,National
"Mansukh Hiren's, API Riyazuddin Qazi, Crime Intelligence Unit of Mumbai Crime, API Sachin Waze, Mumbai Police, CIU, Sachin Waze's, NIA, Mukesh Ambani Threat, Riyaz Qazi, The National Investigating Agency, Manukh Hiren, Prakash Howald","Crime Intelligence Unit of Mumbai Crime, Waze, Mumbai Police, CIU, Sachin Waze's, NIA, API, The National Investigating Agency","MUMBAI, Thane","terror, ",No,"Sun, 11 Apr 2021 17:29:00 IST",timesofindia.indiatimes.com,https://timesofindia.indiatimes.com/city/mumbai/mumbai-nia-arrests-riyaz-qazi-in-terror-scare-and-mansukh-hirens-murder-case/articleshow/82017223.cms,607307e88e015f9c2d1706eb,2021-04-11 14:38:51.204799,Mumbai
"Karnataka Udyog Mitra, Chamber of Commerce and Industry, TOI, HM Revannagowda, Kanthilal Dhoka, Land Audit Committee, LAC, SWCC, Jagadish Shettar","Chamber of Commerce and Industry, TOI, Land Audit Committee, LAC, SWCC, Karnataka Udyog Mitra","Kadechur, Yadgir, Kalyana Karnataka, Bengaluru, Hyderabad, Mumbai","drug, ",No,"Sun, 11 Apr 2021 16:04:29 IST",timesofindia.indiatimes.com,https://timesofindia.indiatimes.com/city/hubballi/karnataka-yadgir-pharma-park-to-get-seven-more-projects/articleshow/82016343.cms,607307e88e015f9c2d1706eb,2021-04-11 14:39:30.105572,Bangalore
"Srihari Babu, P Gurumurthy, V Srinivas Reddy, IMS, Devika Rani, M. Vinay Reddy, ESIC, Omni Medi, ACB, M Vinay Reddy, Burra Pramod Reddy, Enforcement Directorate, Nayani Narasimha Reddy’s, Nayani Narasimha Reddy ’s, Anti-Corruption Bureau, ED, Insurance Medical Services, Mukunda Reddy, B Pramod Reddy","ED, Insurance Medical Services, ESI, IMS, Enforcement Directorate, ESIC, Omni Medi, ACB, Anti-Corruption Bureau","PA, HYDERABAD, Jubilee Hills","money launder, money laundering, ",No,"Sun, 11 Apr 2021 04:34:00 IST",timesofindia.indiatimes.com,https://timesofindia.indiatimes.com/city/hyderabad/ims-fraud-ed-raids-nayanis-kin-pa-seize-rs-3cr-cash-jewellery/articleshow/82009790.cms,607307e88e015f9c2d1706eb,2021-04-11 14:39:51.908729,Hyderabad
"M Vinay Reddy, the Anti-Corruption Bureau, ED, P Gurumurthy, IMS, Mukunda Reddy, Enforcement Directorate, the Telangana ACB, Srinivas Reddy, Devika Rani, ESIC, Nayani Narsimha Reddy, Omni Medi, Srihari Babu, B Pramod Reddy","the Anti-Corruption Bureau, ED, IMS, Enforcement Directorate, the Telangana ACB, Omni, ESIC, Omni Medi","HYDERABAD, Telangana","money launder, money laundering, ",No,"Sat, 10 Apr 2021 22:24:59 IST",timesofindia.indiatimes.com,https://timesofindia.indiatimes.com/city/hyderabad/ims-scam-enforcement-directorate-conducts-raids-in-telangana-including-former-ministers-son-in-law/articleshow/82008394.cms,607307e88e015f9c2d1706eb,2021-04-11 14:39:56.245042,Hyderabad
"Nitin Patel, Vijay Rupani",,"AHMEDABAD, Patan, Rajkot, Gujarat, Vadodara, Surat","drug, ",No,"Sun, 11 Apr 2021 19:37:48 IST",timesofindia.indiatimes.com,https://timesofindia.indiatimes.com/city/ahmedabad/over-2-8-lakh-remdesivir-injections-supplied-in-10-days-gujarat-cm/articleshow/82018335.cms,607307e88e015f9c2d1706eb,2021-04-11 14:40:17.434502,Ahemdabad
"BJP, Amit Chavda, Gujarat Congress, Dhaval Patel, SMIMER Hospital, Vijay Rupani, CR Paatil, Surat, New Civil Hospital","BJP, Gujarat Congress, SMIMER Hospital, Paatil, New Civil Hospital","Udhna, Morva Hadaf, Surat, Panchmahal","drug, ",No,"Sun, 11 Apr 2021 04:38:00 IST",timesofindia.indiatimes.com,https://timesofindia.indiatimes.com/city/surat/bjp-distributes-1000-remdesivir-injections-got-from-friends/articleshow/82008775.cms,607307e88e015f9c2d1706eb,2021-04-11 14:40:19.519738,Ahemdabad
"PDU hospital, Remya Mohan",PDU hospital,RAJKOT,"drug, ",No,"Sun, 11 Apr 2021 04:40:00 IST",timesofindia.indiatimes.com,https://timesofindia.indiatimes.com/city/rajkot/rajkot-gets-10k-remdesivir-injections/articleshow/82008829.cms,607307e88e015f9c2d1706eb,2021-04-11 14:40:23.222315,Ahemdabad
"Shah, Zydus Hospital Group, the Zydus Hospital’s, Pragnesh Suthar, Nirmit Gosai’s","Zydus Hospital, Zydus Hospital Group, the Zydus Hospital’s, Zydus Hospital’s","AHMEDABAD, Satellite, Kalol, Vadodara","drug, ",No,"Sun, 11 Apr 2021 04:53:00 IST",timesofindia.indiatimes.com,https://timesofindia.indiatimes.com/city/ahmedabad/get-you-own-remdesivir-hospitals/articleshow/82010672.cms,607307e88e015f9c2d1706eb,2021-04-11 14:40:27.628844,Ahemdabad
"UP Chemist & Druggist Federation, Prem Agrawal, Nikhil Malang, TOI, Ashutosh, Amit, Prayag chemist association","TOI, UP Chemist & Druggist Federation, Prayag chemist association","UP, Prayagraj","drug, ",No,"Sun, 11 Apr 2021 17:18:41 IST",timesofindia.indiatimes.com,https://timesofindia.indiatimes.com/city/allahabad/remdesivir-injection-and-favipiravir-tablet-vanishes-from-ups-prayagraj-medicine-shops/articleshow/82017141.cms,607307e88e015f9c2d1706eb,2021-04-11 14:40:31.488384,Allahabad
"Karnataka Udyog Mitra, Chamber of Commerce and Industry, TOI, HM Revannagowda, Kanthilal Dhoka, Land Audit Committee, LAC, SWCC, Jagadish Shettar","Chamber of Commerce and Industry, TOI, Land Audit Committee, LAC, SWCC, Karnataka Udyog Mitra","Kadechur, Yadgir, Kalyana Karnataka, Bengaluru, Hyderabad, Mumbai","drug, ",No,"Sun, 11 Apr 2021 16:04:29 IST",timesofindia.indiatimes.com,https://timesofindia.indiatimes.com/city/hubballi/karnataka-yadgir-pharma-park-to-get-seven-more-projects/articleshow/82016343.cms,607307e88e015f9c2d1706eb,2021-04-11 14:41:19.251631,Hubli
"BJP, the Election Commission, TMC, CISF, Narendra Modi, Mamata Banerjee’s, Trinamool, Gautam Deb, “Didi","BJP, TMC, CISF, Trinamool, the Election Commission","SILIGURI, Bengal, SC, Krishnanagar, Dabgram-Fulbari","terror, ",No,"Sun, 11 Apr 2021 06:00:00 IST",timesofindia.indiatimes.com,https://timesofindia.indiatimes.com/city/kolkata/didis-instigation-led-to-mob-cisf-face-off-modi/articleshow/82010502.cms,607307e88e015f9c2d1706eb,2021-04-11 14:41:30.885315,Kolkata
"Pratap Sunil Jadhavwar, Muralidhar Subhash Marutkar, Vitthal Kubde, Ajay Gurudev Morale, Pradeepsingh Sisode, Aditya Digambar Maidargi, the Food and Drug Administration, Sudhir Hiremath, Krishna Prakash",the Food and Drug Administration,"Pimpri Chinchwad, Aundh, Pune, Talegaon Dabhade, Sangvi","drug, ",No,"Sun, 11 Apr 2021 04:39:00 IST",timesofindia.indiatimes.com,https://timesofindia.indiatimes.com/city/pune/four-arrested-for-illegally-selling-injections/articleshow/82009862.cms,607307e88e015f9c2d1706eb,2021-04-11 14:42:03.563712,Pune
"the Bhaktivedanta Hospital, Shashank Joshi, ICMR, the Indian Council of Medical Research, Ajay Godse","ICMR, the Bhaktivedanta Hospital, the Indian Council of Medical Research","Russia, Moldova, Japan, Italy, Uzbekistan, PUNE, Wuhan, Thane, Ukraine, Kazakhstan","drug, ",No,"Sun, 11 Apr 2021 04:43:00 IST",timesofindia.indiatimes.com,https://timesofindia.indiatimes.com/city/pune/remdesivir-has-no-impact-on-covid-mortality-dont-panic-buy-doctors/articleshow/82009893.cms,607307e88e015f9c2d1706eb,2021-04-11 14:42:09.071118,Pune
"EHC Vikash, Rudra Rajesh Kundu, WhatsApp",WhatsApp,HISAR,"terror, ",No,"Sun, 11 Apr 2021 07:43:02 IST",timesofindia.indiatimes.com,https://timesofindia.indiatimes.com/city/chandigarh/hisar-scribe-posts-riots-soon-on-facebook-in-firing-line/articleshow/82012359.cms,607307e88e015f9c2d1706eb,2021-04-11 14:42:33.685273,Chandigarh
"UP Chemist & Druggist Federation, Prem Agrawal, Nikhil Malang, TOI, Ashutosh, Amit, Prayag chemist association","TOI, UP Chemist & Druggist Federation, Prayag chemist association","UP, Prayagraj","drug, ",No,"Sun, 11 Apr 2021 17:18:41 IST",timesofindia.indiatimes.com,https://timesofindia.indiatimes.com/city/allahabad/remdesivir-injection-and-favipiravir-tablet-vanishes-from-ups-prayagraj-medicine-shops/articleshow/82017141.cms,607307e88e015f9c2d1706eb,2021-04-11 14:42:47.099069,Lucknow
"Gagandeep Singh Vij, Kin, Bhavesh Gehani, Remdesivir, Anup Marar, Vidarbha Hospitals’ Association",Vidarbha Hospitals’ Association,"Ramdaspeth, Gandhibagh, Nagpur, Dhantoli","drug, ",No,"Sun, 11 Apr 2021 04:14:00 IST",timesofindia.indiatimes.com,https://timesofindia.indiatimes.com/city/nagpur/kin-asked-for-photocopies-at-2am-for-remdesivir/articleshow/82010036.cms,607307e88e015f9c2d1706eb,2021-04-11 14:43:35.424610,Nagpur
"Hetal Thakkar, EMail, Chemists and Druggists Association, Union, Nitin Gadkari, Ravindra Thakare, Nitin Raut","Union, Chemists and Druggists Association, Thakare",Nagpur,"drug, ",No,"Sun, 11 Apr 2021 04:34:00 IST",timesofindia.indiatimes.com,https://timesofindia.indiatimes.com/city/nagpur/remdesivir-allotment-and-availability-data-now-on-collectors-website/articleshow/82009805.cms,607307e88e015f9c2d1706eb,2021-04-11 14:43:41.674683,Nagpur
"PDU hospital, Remya Mohan",PDU hospital,RAJKOT,"drug, ",No,"Sun, 11 Apr 2021 04:40:00 IST",timesofindia.indiatimes.com,https://timesofindia.indiatimes.com/city/rajkot/rajkot-gets-10k-remdesivir-injections/articleshow/82008829.cms,607307e88e015f9c2d1706eb,2021-04-11 14:43:53.958233,Rajkot
"BJP, Amit Chavda, Gujarat Congress, Dhaval Patel, SMIMER Hospital, Vijay Rupani, CR Paatil, Surat, New Civil Hospital","BJP, Gujarat Congress, SMIMER Hospital, Paatil, New Civil Hospital","Udhna, Morva Hadaf, Surat, Panchmahal","drug, ",No,"Sun, 11 Apr 2021 04:38:00 IST",timesofindia.indiatimes.com,https://timesofindia.indiatimes.com/city/surat/bjp-distributes-1000-remdesivir-injections-got-from-friends/articleshow/82008775.cms,607307e88e015f9c2d1706eb,2021-04-11 14:44:09.902347,Surat
Gilead Sciences,Gilead Sciences,"Union Territories, India, US","drug, ",No,"Sun, 11 Apr 2021 18:06:11 +0530",www.business-standard.com,https://www.business-standard.com/article/current-affairs/govt-suspends-export-of-remdesivir-till-coronavirus-situation-improves-121041100553_1.html,607307e88e015f9c2d1706eb,2021-04-11 14:44:38.761430,National
"Riyaz Kaji, Reliance Industries, Mukesh Ambani's, The National Investigation Agency, Sachin Vaze, Mumbai Police, Sachin Waze's, NIA, IANS, Param Bir Singh, Riyaz Kazi, Mansukh Hiren","Reliance Industries, The National Investigation Agency, Mumbai Police, NIA, IANS",Mumbai,"terror, ",No,"Sun, 11 Apr 2021 14:44:28 +0530",www.business-standard.com,https://www.business-standard.com/article/current-affairs/nia-arrests-mumbai-cop-kaji-who-helped-sachin-vaze-in-antilia-bomb-case-121041100292_1.html,607307e88e015f9c2d1706eb,2021-04-11 14:44:44.987450,National
"BJP, Raghav Chadha, Centre, Praveen Shankar Kapoor, Narendra Modi, Aam Aadmi Party's, Government of India's, AAP","BJP, Centre, Aam Aadmi Party's, Government of India's, Government of India, AAP","Oman, India, Kerala, Andhra Pradesh, NEW DELHI, Guyana, Bangladesh, Bengal, Pakistan, Uttar Pradesh, Delhi, Odisha, Maharashtra, Mauritius, Kenya, United Kingdom, Dominican Republic, Gujarat, Chhattisgarh","terror, ",No,"Sun, 11 Apr 2021 19:14:58+5:30",www.livemint.com,https://www.livemint.com/news/india/vaccine-universalisation-vaccine-nationalism-need-of-the-hour-raghav-chadha-writes-to-pm-11618148304882.html,607307e88e015f9c2d1706eb,2021-04-11 14:45:03.129781,National
"Centre, Gilead Sciences, the Department of Pharmaceuticals, Union, Mint, Telegram, the Committee of Experts","Centre, Gilead Sciences, Telegram, Union, Mint, the Department of Pharmaceuticals, the Committee of Experts","India, NEW DELHI","drug, ",No,"Sun, 11 Apr 2021 18:02:11+5:30",www.livemint.com,https://www.livemint.com/news/india/centre-prohibits-exports-of-remdesivir-injection-and-remdesivir-api-11618143434038.html,607307e88e015f9c2d1706eb,2021-04-11 14:45:07.510160,National
"Towseef Ahmad Bhat, Aamir Hussain Ganie, Territorial Army",Territorial Army,"Semthan Bijbehara, Anantnag","terror, ",No,"Sun, 11 Apr 2021 17:46:21+5:30",www.livemint.com,https://www.livemint.com/news/india/jk-2-terrorists-killed-in-encounter-in-anantnag-11618143091312.html,607307e88e015f9c2d1706eb,2021-04-11 14:45:09.187928,National
"M/s. Gilead Sciences, Centre, Department of Pharmaceuticals, Union, Balasaheb Thorat","M/s. Gilead Sciences, Centre, Union, Department of Pharmaceuticals","States, UTs, Madhya Pradesh, India, USA, Maharashtra","drug, ",No,"Sun, 11 Apr 2021 17:36:04+5:30",www.livemint.com,https://www.livemint.com/news/india/india-bans-export-of-remdesivir-drug-injection-till-covid-situation-improves-11618141944273.html,607307e88e015f9c2d1706eb,2021-04-11 14:45:11.361992,National
"AstraZeneca, Liu Peicheng, Gao Fu, Xinhua News Agency, Wang Huaqing, CDC, the China Centers for Disease Control, AP, Sinovac, Pfizer, Sinopharm","AstraZeneca, Xinhua News Agency, CDC, the China Centers for Disease Control, AP, Pfizer, Sinopharm, Sinovac","Mexico, Chengdu, Japan, Brazil, the United States, Britain, Hungary, China, Indonesia, Turkey, Beijing","drug, ",No,"Sun, 11 Apr 2021 17:04:41+5:30",www.livemint.com,https://www.livemint.com/news/world/chinese-covid-vaccines-effectiveness-low-says-china-s-top-official-11618140463649.html,607307e88e015f9c2d1706eb,2021-04-11 14:45:13.314508,National
"Van der Aa, SKY ECC’s, Jeremy McDermott, Politie Landelijke Eenheid, Thomas Herdman, Reuters, InSight Crime, Jean-François Eap, Gazet van Antwerpen, Sky Global, Operation Sky, Bart De Wever, Frédéric Van Leeuw, Joris van der Aa","SKY ECC’s, Gazet van Antwerpen, InSight Crime, Sky Global, Operation Sky, Politie Landelijke Eenheid, Reuters, Sky, SKY ECC","Antwerp, Netherlands, Rotterdam, Wilrijk, Wouwse Plantage, Belgium, Wijnegem, Borgerhout, US, Lokeren, Colombia, Essen, Turkey, Dubai, America, Borsbeek","drug, ",No,"Sun, 11 Apr 2021 06:45:28 GMT",www.theguardian.com,https://www.theguardian.com/world/2021/apr/11/colombias-cartels-target-europe-with-cocaine-corruption-and-torture,607307e88e015f9c2d1706eb,2021-04-11 14:45:36.569142,International
"Mohammad Javad Zarif, the Associated Press, Joe Biden, Washington, State TV, the European Union, Natanz, Reuters, Donald Trump, Mohsen Fakhrizadeh, Anadolu Agency/, AFP, Hassan Rouhani, Behrouz Kamalvandi","the Associated Press, Washington, State TV, the European Union, Natanz, Reuters, Anadolu Agency/, AFP","Iran, United States, Washington, Israel, US, Natanz, Tehran, Vienna","terror, ",No,"Sun, 11 Apr 2021 05:57:02 GMT",www.theguardian.com,https://www.theguardian.com/world/2021/apr/11/accident-at-irans-natanz-nuclear-plant-as-new-uranium-enrichment-starts,607307e88e015f9c2d1706eb,2021-04-11 14:45:38.950176,International
"Tessa Jowell, the Institute of Cancer Research, Juanita Lopez, Joe Biden, the Royal Marsden, American Association for Cancer Research, Hamish Mykura, St George’s, Beau","the Institute of Cancer Research, the Royal Marsden, American Association for Cancer Research, St George’s, Royal Marsden","West Sussex, US, London","drug, ",No,"Sun, 11 Apr 2021 12:57:19 GMT",www.theguardian.com,https://www.theguardian.com/science/2021/apr/11/early-findings-show-new-drug-could-be-game-changing-for-brain-cancer-treatment,607307e88e015f9c2d1706eb,2021-04-11 14:45:40.047126,International
"John Mallord, Iván Ramírez, BirdLife International, the Royal Society for the Protection of Birds","BirdLife International, the Royal Society for the Protection of Birds","Spain, Pakistan, India, Italy, Nepal, Bangladesh","drug, ",No,"Sun, 11 Apr 2021 09:45:31 GMT",www.theguardian.com,https://www.theguardian.com/environment/2021/apr/11/rare-european-vultures-being-poisoned-by-livestock-drug,607307e88e015f9c2d1706eb,2021-04-11 14:45:41.989882,International
"Unaids, Ivri Lider, Oded Balilty, United Nations, Linda Bauld, the World Trade Organization, Dorothy Guerrero, Leeds University School of Medicine, Esteban Félix, Edinburgh University, Winnie Byanyima, the European Union, Lawrence Young, Warwick Medical School, Global Justice Now, AP, Stephen Griffin","Edinburgh University, Unaids, the World Trade Organization, Leeds University School of Medicine, Global Justice Now, the European Union, AP, Warwick Medical School, United Nations","Chile, Northern Ireland, Scotland, South Africa, Wales, Brazil, Israel, Britain, England, France, Tel Aviv, India, Germany, UK, Santiago, Australia, New Zealand","drug, ",No,"Sun, 11 Apr 2021 07:29:45 GMT",www.theguardian.com,https://www.theguardian.com/society/2021/apr/11/is-vaccinating-against-covid-enough-what-we-can-learn-from-other-countries,607307e88e015f9c2d1706eb,2021-04-11 14:45:44.025693,International
"Alpha, Austin, Beyoncé, the Federal Reserve, David Icke, Trump, Alissa Sherry, Marple, Brooks Brothers, QAnon, the Wall Street Journal, Wogan, United Nations, Rockwall High, Islam, BBC, Tasos Katopodis/, Omar Bakri’s, Malcolm X, Naomi Klein’s, Facebook, Alex Jones, Kelly, DEA, Channel 4, Illuminati, David Koresh’s, Art Bell’s, Isis, Omar Bakri Mohammed, Saul Dibb, Office World, George W Bush’s, WTO, Hitler, Joel Kaplan, Muhammad, Jared, Chrissy Teigen’s","Rockwall High, Islam, Alpha, Office World, the Federal Reserve, BBC, WTO, Brooks Brothers, QAnon, Isis, Facebook, Bell, DEA, Channel 4, the Wall Street Journal, Illuminati, United Nations","Iraq, Austin, Rockwall, Britain, Hollywood, Dallas, Miami-Dade, Seattle, Pahrump, Nevada, Arkansas, Lebanon, Vancouver, Sandy Hook, Waco","terror, ",No,"Sun, 11 Apr 2021 07:00:29 GMT",www.theguardian.com,https://www.theguardian.com/society/2021/apr/11/making-sense-of-conspiracy-theorists-as-the-world-gets-more-bizarre,607307e88e015f9c2d1706eb,2021-04-11 14:45:48.702069,International
"the Metropolitan Opera, Maria Callas’s, Aristotle Onassis, Jackie Kennedy, Coca-Cola, Cine Text, Peter Mennin, Allstar/Sportsphoto Ltd., Vasso Devetzi, Renata Tebaldi, Giovanni Battista Meneghini, The History Press, the Juilliard School of music, Lyndsy Spence","Allstar/Sportsphoto Ltd., Allstar, the Metropolitan Opera, The History Press, the Juilliard School of music, Coca-Cola, Cine Text","New York, Turandot","drug, ",No,"Sun, 11 Apr 2021 06:45:28 GMT",www.theguardian.com,https://www.theguardian.com/music/2021/apr/11/drugged-sexually-abused-swindled-maria-callass-tormented-life-revealed,607307e88e015f9c2d1706eb,2021-04-11 14:45:51.237650,International
"Nisreen Alwan, CNN, the University of Southampton, Long, University of Leeds, Monique Jackson, The National Health Service, NHS, Clare Rayner, Lyth Hishmeh, Manoj Sivan","CNN, the University of Southampton, Sivan, Long, University of Leeds, The National Health Service, NHS","England, UK, London","drug, ",No,"Sun, 11 Apr 2021 10:44:42 GMT",www.cnn.com,https://www.cnn.com/2021/04/11/health/coronavirus-long-covid-intl/index.html,607307e88e015f9c2d1706eb,2021-04-11 14:45:56.529308,International
"Katie Blackwell, Baltimore City State's, David Rudovsky, Christy Lopez, Color of Change, Georgetown Law's, Andrew Baker, Miriam Krinsky, MedariaArradondo, ABLE, Eric Nelson, FBI, Derek Chauvin's, Active Bystandership for Law Enforcement Project, Cook County State's, Jeronimo Yanez, Derrick Johnson, Jena Scurry, Kimberly Foxx, Program on Innovative Policing, Philando Castile, Facebook Live, the Minneapolis Police Department, Justine Ruszczyk, George Floyd's, CNN, Cup Foods, the University of Pennsylvania Carey Law School, NAACP, Mohamed Noor, Justice Department, John Choi, Rashad Robinson, Rodney King, Marilyn Mosby","CNN, Cook County State's, Baltimore City State's, Cup Foods, the University of Pennsylvania Carey Law School, NAACP, Program on Innovative Policing, Color of Change, Georgetown Law's, Justice Department, Georgetown Law, ABLE, FBI, Facebook Live, the Minneapolis Police Department, Active Bystandership for Law Enforcement Project","Minneapolis, St. Anthony, Minnesota, Hennepin County, US, America, Chicago, Ramsey County","drug, ",No,"Sat, 10 Apr 2021 17:01:54 GMT",www.cnn.com,https://www.cnn.com/2021/04/10/us/derek-chauvin-george-floyd-trial-testimony/index.html,607307e88e015f9c2d1706eb,2021-04-11 14:46:05.483681,International
"Vanessa, Michael Donald., Thomas Figures, the Justice Department, Robert Shelton, The New York Times, James Tiger Knowles, the United Klans of America, Josephus Anderson, FBI, James ""Tiger"" Knowles, Johnny Edgar, KKK, Betty, State, Johnny Ray Kelly, Bennie Jack Hays, Henry Hays, Beulah Mae Donald's, Ralph Eugene Hayes, the Klavern 900, CNN, Jimmy, Michael Anthony Donald, the Ku Klux Klan, James Bodman, Michael Figures, the Mobile Press-Register, Morris Dees, Michael Donald's, the Mobile Police Department, Chris Galanos, Wilbur Williams, Cecelia Perry, Mobile Klansmen, the Southern Poverty Law Center, Jesse Jackson","CNN, Klan, the Ku Klux Klan, The Justice Department, KKK, The New York Times, State, the Mobile Police Department, United Klans of America, the Mobile Press-Register, Mobile Klansmen, the Southern Poverty Law Center, the United Klans of America, FBI, Mobile, the Klavern 900, the Justice Department","Alabama, Mobile County, United States, Tuscaloosa, CAPITAL","drug, ",No,"Sun, 11 Apr 2021 06:40:34 GMT",www.cnn.com,https://www.cnn.com/2021/04/10/us/michael-donald-case-timeline/index.html,607307e88e015f9c2d1706eb,2021-04-11 14:46:14.538790,International
"Gilead Sciences, Mukhtar Khan",Gilead Sciences,"Srinagar, India, USA","drug, ",No,"Sun, 11 Apr 2021 14:18:26 GMT",www.cnn.com,https://www.cnn.com/world/live-news/coronavirus-pandemic-vaccine-updates-04-11-21/index.html,607307e88e015f9c2d1706eb,2021-04-11 14:46:16.034079,International
"The European Parliament, Wojciech Wilk, Mateusz Morawiecki, the Catholic Church, Jaroslaw Kaczynski, Anatol Magdziarz, Law and Justice party, the Roman Catholic Church, Amanda Wojcicka, Krasnik, Elzbieta Kruk, the European Union, Gazeta Polska, Jan Albiniak, Cezary Nieradko, Pawel Kurek, Clément Beaune, Bartosz Staszewski, Jan Chamara","The European Parliament, the Catholic Church, Law and Justice, Krasnik, the European Union, Gazeta Polska, Law and Justice party, the Roman Catholic Church","Poland, Ukraine, KRASNIK, Norway, Warsaw, Argentina, Lublin, Iceland","drug, ",No,"Sat, 10 Apr 2021 16:33:44 +0000",www.nytimes.com,https://www.nytimes.com/2021/04/10/world/europe/poland-lgbt-free-krasnik.html,607307e88e015f9c2d1706eb,2021-04-11 14:46:19.301876,International
"Cyrus Sambwa Kasato, Milton Obote, the Supreme Court, Jane Kyomugisha, Lukyamuzi Kiwanuka Yuda, Robert Kyagulanyi, Idi Amin, Yoweri Museveni, Deo Akiiki, National Unity Platform Party, Nicholas Opiyo, American Jewish World Service, Bobi Wine, David Musiri","the Supreme Court, American Jewish World Service, National Unity Platform Party","Uganda, the United States, Britain, Kyotera, New York, KAMPALA, U.S.","terror, money launder, money laundering, drug, ",No,"Sun, 11 Apr 2021 09:55:03 +0000",www.nytimes.com,https://www.nytimes.com/2021/04/11/world/africa/uganda-election-disappearances-museveni.html,607307e88e015f9c2d1706eb,2021-04-11 14:46:22.963092,International
"New York Times, Pfizer-BioNTech, San Francisco, Dad, Walgreens, First Draft, Pui-Ying’s, Sinovac, the World Health Organization, Pui-Ying Iroh Tam, the Centers for Disease Control and Prevention, the University of California, Mom, Gavin Newsom, Benjamin Cowling, the U.S. Food and Drug Administration, Claire Wardle, AstraZeneca, CNN, Gamaleya Research Institute, Covax, Moderna, Queen Dube, the Queen Elizabeth Central Hospital, Johns Hopkins University, Oxford University, Kate O’Brien, Sinopharm, Johnson & Johnson, Fosun, Madonna, Hong Kong University, Pui Ling, Ministry of Health, Bob Wachter","New York Times, Pfizer-BioNTech, San Francisco, Walgreens, Pfizer, Queen Elizabeth Central Hospital, First Draft, Sinovac, the World Health Organization, the Centers for Disease Control and Prevention, the University of California, the U.S. Food and Drug Administration, AstraZeneca, CNN, Gamaleya Research Institute, Covax, Moderna, the Queen Elizabeth Central Hospital, Johns Hopkins University, Oxford University, Sinopharm, Johnson & Johnson, BioNTech, Fosun, Hong Kong University, Ministry of Health","Hong Kong’s, Lilongwe, the United States, San Francisco, Malawi, Russia, Fla., China, Britain, Beijing, California, U.S., Queens, Blantyre, Tallahassee, Sweden, Oakland, N.Y., America","drug, ",No,"Sun, 11 Apr 2021 07:00:10 +0000",www.nytimes.com,https://www.nytimes.com/2021/04/11/health/coronavirus-vaccines-global-journey.html,607307e88e015f9c2d1706eb,2021-04-11 14:46:26.551972,International
"AstraZeneca, The European Union, the Centers for Disease Control and Prevention, the European Medicines Agency, Food and Drug Administration, Pfizer","AstraZeneca, the European Union, the Centers for Disease Control and Prevention, the European Medicines Agency, The European Union, Food and Drug Administration, Pfizer","the United States, Norway, Denmark, Australia, European Economic Area, Canada, Germany, Philippines, Liechtenstein, Florida, Belgium, Portugal, Britain, U.S., the Democratic Republic of Congo, Netherlands, Spain, France, Iceland","drug, ",No,"Sat, 10 Apr 2021 15:01:20 +0000",www.nytimes.com,https://www.nytimes.com/2021/04/10/health/astrazeneca-vaccine-blood-clots.html,607307e88e015f9c2d1706eb,2021-04-11 14:46:28.758515,International
"AstraZeneca, Andreas Greinacher, Benjamin Mueller, the European Union, The European Medicines Agency, The New England Journal of Medicine, Melissa Eddy, the Food and Drug Administration, The University of Oxford, Pfizer, Johnson and Johnson","AstraZeneca, the European Union, the European Medicines Agency, The New England Journal of Medicine, the Food and Drug Administration, The University of Oxford, Pfizer, Johnson and Johnson, The European Medicines Agency","Netherlands, the Democratic Republic of Congo, European Economic Area, Spain, Belgium, Portugal, Norway, Britain, Canada, France, Denmark, the United States, Cameroon, Germany, Philippines, Liechtenstein, Australia, Iceland","drug, ",No,"Sat, 10 Apr 2021 16:28:34 +0000",www.nytimes.com,https://www.nytimes.com/2021/04/09/health/vaccine-blood-clots-astra-zeneca.html,607307e88e015f9c2d1706eb,2021-04-11 14:46:31.040807,International
"The European Parliament, Wojciech Wilk, Mateusz Morawiecki, the Catholic Church, Jaroslaw Kaczynski, Anatol Magdziarz, Law and Justice party, the Roman Catholic Church, Amanda Wojcicka, Krasnik, Elzbieta Kruk, the European Union, Gazeta Polska, Jan Albiniak, Cezary Nieradko, Pawel Kurek, Clément Beaune, Bartosz Staszewski, Jan Chamara","The European Parliament, the Catholic Church, Law and Justice, Krasnik, the European Union, Gazeta Polska, Law and Justice party, the Roman Catholic Church","Poland, Ukraine, KRASNIK, Norway, Warsaw, Argentina, Lublin, Iceland","drug, ",No,"Sat, 10 Apr 2021 16:33:44 +0000",www.nytimes.com,https://www.nytimes.com/2021/04/10/world/europe/poland-lgbt-free-krasnik.html,607307e88e015f9c2d1706eb,2021-04-11 14:46:33.186272,International
"Cyrus Sambwa Kasato, Milton Obote, the Supreme Court, Jane Kyomugisha, Lukyamuzi Kiwanuka Yuda, Robert Kyagulanyi, Idi Amin, Yoweri Museveni, Deo Akiiki, National Unity Platform Party, Nicholas Opiyo, American Jewish World Service, Bobi Wine, David Musiri","the Supreme Court, American Jewish World Service, National Unity Platform Party","Uganda, the United States, Britain, Kyotera, New York, KAMPALA, U.S.","terror, money launder, money laundering, drug, ",No,"Sun, 11 Apr 2021 09:55:03 +0000",www.nytimes.com,https://www.nytimes.com/2021/04/11/world/africa/uganda-election-disappearances-museveni.html,607307e88e015f9c2d1706eb,2021-04-11 14:46:36.805036,International
"New York Times, Pfizer-BioNTech, San Francisco, Dad, Walgreens, First Draft, Pui-Ying’s, Sinovac, the World Health Organization, Pui-Ying Iroh Tam, the Centers for Disease Control and Prevention, the University of California, Mom, Gavin Newsom, Benjamin Cowling, the U.S. Food and Drug Administration, Claire Wardle, AstraZeneca, CNN, Gamaleya Research Institute, Covax, Moderna, Queen Dube, the Queen Elizabeth Central Hospital, Johns Hopkins University, Oxford University, Kate O’Brien, Sinopharm, Johnson & Johnson, Fosun, Madonna, Hong Kong University, Pui Ling, Ministry of Health, Bob Wachter","New York Times, Pfizer-BioNTech, San Francisco, Walgreens, Pfizer, Queen Elizabeth Central Hospital, First Draft, Sinovac, the World Health Organization, the Centers for Disease Control and Prevention, the University of California, the U.S. Food and Drug Administration, AstraZeneca, CNN, Gamaleya Research Institute, Covax, Moderna, the Queen Elizabeth Central Hospital, Johns Hopkins University, Oxford University, Sinopharm, Johnson & Johnson, BioNTech, Fosun, Hong Kong University, Ministry of Health","Hong Kong’s, Lilongwe, the United States, San Francisco, Malawi, Russia, Fla., China, Britain, Beijing, California, U.S., Queens, Blantyre, Tallahassee, Sweden, Oakland, N.Y., America","drug, ",No,"Sun, 11 Apr 2021 07:00:10 +0000",www.nytimes.com,https://www.nytimes.com/2021/04/11/health/coronavirus-vaccines-global-journey.html,607307e88e015f9c2d1706eb,2021-04-11 14:46:40.008343,International
"AstraZeneca, The European Union, the Centers for Disease Control and Prevention, the European Medicines Agency, Food and Drug Administration, Pfizer","AstraZeneca, the European Union, the Centers for Disease Control and Prevention, the European Medicines Agency, The European Union, Food and Drug Administration, Pfizer","the United States, Norway, Denmark, Australia, European Economic Area, Canada, Germany, Philippines, Liechtenstein, Florida, Belgium, Portugal, Britain, U.S., the Democratic Republic of Congo, Netherlands, Spain, France, Iceland","drug, ",No,"Sat, 10 Apr 2021 15:01:20 +0000",www.nytimes.com,https://www.nytimes.com/2021/04/10/health/astrazeneca-vaccine-blood-clots.html,607307e88e015f9c2d1706eb,2021-04-11 14:46:42.223252,International
"AstraZeneca, Andreas Greinacher, Benjamin Mueller, the European Union, The European Medicines Agency, The New England Journal of Medicine, Melissa Eddy, the Food and Drug Administration, The University of Oxford, Pfizer, Johnson and Johnson","AstraZeneca, the European Union, the European Medicines Agency, The New England Journal of Medicine, the Food and Drug Administration, The University of Oxford, Pfizer, Johnson and Johnson, The European Medicines Agency","Netherlands, the Democratic Republic of Congo, European Economic Area, Spain, Belgium, Portugal, Norway, Britain, Canada, France, Denmark, the United States, Cameroon, Germany, Philippines, Liechtenstein, Australia, Iceland","drug, ",No,"Sat, 10 Apr 2021 16:28:34 +0000",www.nytimes.com,https://www.nytimes.com/2021/04/09/health/vaccine-blood-clots-astra-zeneca.html,607307e88e015f9c2d1706eb,2021-04-11 14:46:44.523183,International
